brand,name,type,image,url,why,skin_types,skin_tones,finishes,looks,age_verified
SUGAR Cosmetics,Ace Of Face Foundation Stick,Foundation,https://cdn.shopify.com/s/files/1/0906/2558/files/Ace-Of-Face-Foundation-Stick_ed623ba3.jpg?v=1785926537,https://sugarcosmetics.com/products/ace-of-face-foundation-stick,Available in multiple shades; match along the jaw in natural light and check the current shade range.,oily;dry;combination;normal,fair;medium;deep,natural;buildable,natural;bold,false
SUGAR POP,Full Coverage Concealer,Concealer,https://cdn.shopify.com/s/files/1/0906/2558/files/Full-Coverage-Concealer.jpg?v=1754060922,https://sugarcosmetics.com/products/sugar-pop-full-coverage-concealer,The listed shade range includes light-to-medium options; verify shade match and current stock.,normal;oily,fair;medium,matte;full-coverage,natural;bold,false
SUGAR POP,Volumizing Mascara,Mascara,https://cdn.shopify.com/s/files/1/0906/2558/files/Volumizing-Mascara.jpg?v=1785323329,https://sugarcosmetics.com/products/sugar-pop-volumizing-mascara,Adds lash definition; use a light coat for an everyday look.,oily;dry;combination;normal,fair;medium;deep,defined;volumizing,natural;bold,false
SUGAR POP,Ultra HD Blush,Blush,https://cdn.shopify.com/s/files/1/0906/2558/files/Ultra-HD-Blush.jpg?v=1743683851,https://sugarcosmetics.com/products/sugar-pop-ultra-hd-blush,Available in several shades; the brand lists this blush for all skin tones.,oily;dry;combination;normal,fair;medium;deep,matte;buildable,natural;bold,false
SUGAR Cosmetics,Matte As Hell Crayon Lipstick,Lipstick,https://cdn.shopify.com/s/files/1/0906/2558/files/Matte-As-Hell-Crayon-Lipstick.png?v=1789641265,https://sugarcosmetics.com/products/matte-as-hell-crayon-lipstick,Explore the shade range and choose a color that suits your preference; try in person where possible.,oily;dry;combination;normal,fair;medium;deep,matte;creamy,natural;bold,false
Maybelline,Fit Me Matte + Poreless Foundation,Foundation,https://www.maybelline.co.in/all-products/face/foundation/fit-me-matte-poreless-foundation,https://www.nykaa.com/search/result/?q=Maybelline%20Fit%20Me%20Matte%20%2B%20Poreless%20Foundation,Shade range includes options for fair to deep skin tones. Match along the jawline for best results.,oily;combination,fair;medium;deep,matte;poreless,natural;bold,true
Lakme,9to5 Primer + Matte Foundation,Foundation,https://www.lakmeindia.com/products/face/foundation/9to5-primer-matte-foundation,https://www.nykaa.com/search/result/?q=Lakme%209to5%20Primer%20%2B%20Matte%20Foundation,Combination foundation and primer; check available shades and review the current formula.,oily;combination,fair;medium;deep,matte;primer-infused,natural;bold,true
Maybelline,Lash Sensational Mascara,Mascara,https://www.maybelline.co.in/all-products/eyes/mascara/lash-sensational-mascara,https://www.nykaa.com/search/result/?q=Maybelline%20Lash%20Sensational%20Mascara,The volumizing wand is designed to add length and definition. Available in black and waterproof versions.,oily;dry;combination;normal,fair;medium;deep,defined;volumizing,natural;bold,true
Lakme,Eyeconic Curling Mascara,Mascara,https://www.lakmeindia.com/products/eye/mascara/eyeconic-curling-mascara,https://www.nykaa.com/search/result/?q=Lakme%20Eyeconic%20Curling%20Mascara,Designed to curl and lift lashes; check the current brush design and formula for compatibility.,oily;dry;combination;normal,fair;medium;deep,defined;curling,natural;bold,true
Foxtale,All Day Wear Crease-Proof Concealer,Concealer,https://foxtale.com/products/concealer,https://www.nykaa.com/search/result/?q=Foxtale%20Concealer,Available in multiple shades suitable for Indian skin tones; known for a skin-like finish without creasing.,dry;combination;normal,fair;medium;deep,natural;crease-proof,natural;bold,true
Minimalist,Concealer + Corrector Stick,Concealer,https://minimalist.in/products/concealer-corrector-stick,https://www.nykaa.com/search/result/?q=Minimalist%20Concealer,A two-in-one product designed to correct color and conceal; check the shade range when ordering.,normal;combination,fair;medium;deep,natural;correcting,natural;bold,true
Hyphen,Full Coverage Concealer Pen,Concealer,https://hyphenbeauty.com/products/concealer,https://www.nykaa.com/search/result/?q=Hyphen%20Concealer,Pen-format for precise application; shades available across the skin tone spectrum.,normal;oily,fair;medium;deep,matte;precise,bold;natural,true
SUGAR Cosmetics,Bold Unfold Waterproof Mascara,Mascara,https://cdn.shopify.com/s/files/1/0906/2558/files/Bold-Unfold-Mascara.jpg?v=1783407617,https://sugarcosmetics.com/products/sugar-cosmetics-bold-unfold-waterproof-mascara,24-hour wear with waterproof formula; features a silicone brush for separation and volume.,oily;dry;combination;normal,fair;medium;deep,volumizing;waterproof,bold;dramatic,true
Nykaa,So Matte Liquid Lipstick,Lipstick,https://www.nykaa.com/products/nykaa-so-matte-liquid-lipstick,https://www.nykaa.com/products/nykaa-so-matte-liquid-lipstick,Extensive shade range and long-lasting matte formula. Available at multiple retailers.,oily;dry;combination;normal,fair;medium;deep,matte;liquid,natural;bold,true
Foxtale,Blush Flush Cream Blush,Blush,https://foxtale.com/products/blush-flush-cream-blush,https://www.nykaa.com/search/result/?q=Foxtale%20Blush%20Flush,Cream formula in various tones; blends easily and suits multiple skin tones.,oily;dry;combination;normal,fair;medium;deep,cream;buildable,natural;bold,true
Minimalist,Natural Glow Liquid Blush,Blush,https://minimalist.in/products/liquid-blush,https://www.nykaa.com/search/result/?q=Minimalist%20Liquid%20Blush,Lightweight liquid formula designed for a natural flush; check shade options before purchase.,dry;combination;normal,fair;medium;deep,liquid;natural,natural;soft,true
Kay Beauty,Hydrating Foundation,Foundation,,https://www.nykaa.com/search/result/?q=Kay%20Beauty%20Hydrating%20Foundation,Compare current shades in natural light and check the product label before purchase.,dry;normal;combination,fair;medium;deep,hydrating;natural,natural;bold,false
Swiss Beauty,High Coverage Liquid Concealer,Concealer,,https://www.nykaa.com/search/result/?q=Swiss%20Beauty%20High%20Coverage%20Liquid%20Concealer,Choose a shade that matches your complexion and check the current shade range.,oily;dry;combination;normal,fair;medium;deep,matte;full-coverage,natural;bold,false
Insight Cosmetics,Non Transfer Lip Color,Lipstick,,https://www.nykaa.com/search/result/?q=Insight%20Cosmetics%20Non%20Transfer%20Lip%20Color,Explore available shades and review the product label before use.,oily;dry;combination;normal,fair;medium;deep,matte;liquid,natural;bold,false
PAC,HD Liquid Foundation,Foundation,,https://www.nykaa.com/search/result/?q=PAC%20HD%20Liquid%20Foundation,Check current shades and test a match along the jawline in natural light.,oily;dry;combination;normal,fair;medium;deep,buildable;natural,natural;bold,false
Faces Canada,Ultime Pro Matte Lip Crayon,Lipstick,,https://www.nykaa.com/search/result/?q=Faces%20Canada%20Ultime%20Pro%20Matte%20Lip%20Crayon,Choose a shade by preference and review the current product label before use.,oily;dry;combination;normal,fair;medium;deep,matte;crayon,natural;bold,false
Blue Heaven,Hyper Matte Foundation,Foundation,,https://www.nykaa.com/search/result/?q=Blue%20Heaven%20Hyper%20Matte%20Foundation,Compare the available shades in natural light before purchase.,oily;combination,fair;medium;deep,matte;buildable,natural;bold,false
Colorbar,Perfect Match Primer,Primer,,https://www.nykaa.com/search/result/?q=Colorbar%20Perfect%20Match%20Primer,Primer option for makeup preparation; confirm current directions and ingredients.,oily;dry;combination;normal,fair;medium;deep,smoothing;natural,natural;bold,false
