brand,name,type,image,url,why,skin_types,sensitive_suitable,child_suitable,ingredients_verified,ingredients
CeraVe,Hydrating Facial Cleanser,Gentle cleanser,https://www.cerave.com/-/media/project/loreal/brand-sites/cerave/americas/us/skincare/cleansers/hydrating-facial-cleanser/photos/2026/700x785/hfc-atf-1-700x785-v1.jpg?rev=6b7c77cf83ce4faebd7c20d7491af7a2&w=1024&hash=3DC387C6611387154D26A5A9F4447D3F,https://www.cerave.com/skincare/cleansers/hydrating-facial-cleanser,A gentle cleanser option for normal-to-dry skin.,normal;dry;combination,false,false,false,
Vanicream,Daily Facial Moisturizer,Moisturizer,https://www.vanicream.com/dynamic-media/product/images/dfm-gp24c-group-2661-ret-crop.jpg?gravity=center&v=galleryZoom&k=0FzdQBLtyndI8utUIsRBPg,https://www.vanicream.com/product/vanicream-daily-facial-moisturizer,A simple daily moisturizer option.,oily;dry;combination;normal,true,false,false,
La Roche-Posay,Toleriane Double Repair Moisturizer SPF 30,Daytime SPF,https://www.laroche-posay.us/dw/image/v2/AANG_PRD/on/demandware.static/-/Sites-acd-laroche-posay-master-catalog/default/dwccbace41/img/3337875545846/1_Toleriane_DblRepairMoisturizerUV_Tube.webp?sw=1440&sh=1440&sm=cut&sfrm=jpg&q=70,https://www.laroche-posay.us/our-products/face/face-moisturizer/toleriane-double-repair-facial-moisturizer-with-spf-3337875545846.html,A moisturizer with SPF; check the local formula and follow its label.,normal;dry;combination,true,false,false,
Foxtale,Hydrating Face Wash,Gentle cleanser,https://cdn.shopify.com/s/files/1/0609/6096/4855/files/WEBSITE-40.jpg?v=1783580310,https://foxtale.in/products/the-daily-duet-cleanser,A gentle everyday cleanser option; check the current formula and directions.,oily;dry;combination;normal,false,false,false,
Minimalist,Vitamin B5 10% Moisturizer,Moisturizer,https://cdn.shopify.com/s/files/1/0410/9608/5665/products/B5Moisturizer1200-2-min.png?v=1756800645,https://beminimalist.co/products/vitamin-b5-10-moisturizer,A lightweight moisturizer option for daily use.,oily;combination;normal,false,false,false,
Minimalist,Ceramides 0.3% + Madecassoside Moisturizer,Moisturizer,https://cdn.shopify.com/s/files/1/0410/9608/5665/files/Ceramide_Madecassoside.png?v=1721398128,https://beminimalist.co/products/ceramides-0-3-madecassoside,A moisturizer option for a simple daily routine.,dry;combination;normal,true,false,false,
Hyphen,Barrier Repair Moisturizer with 2% Ceramide-Peptide Complex,Moisturizer,https://cdn.shopify.com/s/files/1/0742/5160/0188/files/Artboard1_652d4833-dc7c-4577-84ae-4d5fbec62d37.jpg?v=1748929342,https://letshyphen.com/products/barrier-care-face-cream-dry-skin,A moisturizer marketed for dry skin; check the exact variant.,dry;normal,false,false,false,
Minimalist,Light Fluid SPF 50 Sunscreen,Daytime SPF,https://cdn.shopify.com/s/files/1/0410/9608/5665/files/Artboard_1_1.jpg?v=1783323907,https://beminimalist.co/products/light-fluid-spf-50-sunscreen,A daytime sunscreen option; follow the label for amount and reapplication.,oily;dry;combination;normal,false,false,false,
Foxtale,Niacinamide 5% Moisturizer,Moisturizer,https://cdn.shopify.com/s/files/1/0609/6096/4855/files/Niacinamide-5-moisturiser-1.jpg?v=1783580310,https://foxtale.in/products/niacinamide-moisturizer,A lightweight niacinamide moisturizer for pore control.,oily;combination,false,false,false,
Hyphen,Sunscreen Lite SPF 50+,Daytime SPF,https://cdn.shopify.com/s/files/1/0742/5160/0188/files/Sunscreen_Lite.jpg?v=1748929342,https://letshyphen.com/products/sunscreen-lite,A lightweight sunscreen for everyday use.,oily;dry;combination;normal,false,false,false,
Lakme,Cucumber Deep Hydrating Moisturizer,Moisturizer,https://www.lakmeindia.com/products/skincare/moisturisers/cucumber-deep-hydrating-moisturiser,https://www.nykaa.com/lakme-moisturiser/c/40049,A hydrating moisturizer option with cucumber extract.,dry;combination;normal,false,false,false,
Lakme,Face Expert Cleansing Milk,Gentle cleanser,https://www.lakmeindia.com/products/skincare/cleansers/face-expert-cleansing-milk,https://www.nykaa.com/lakme-cleanser/c/28029,A gentle cleansing milk for makeup removal.,normal;dry;combination,false,false,false,
Neutrogena,Hydro Boost Hydrating Cleansing Gel,Gentle cleanser,https://www.neutrogena.com/en-US/skincare/products/hydro-boost-hydrating-cleansing-gel,https://www.nykaa.com/neutrogena-cleanser/c/40049,A lightweight gel cleanser with hydrating properties.,oily;combination;normal,false,false,false,
Neutrogena,Hydro Boost Water Gel Moisturizer,Moisturizer,https://www.neutrogena.com/en-US/skincare/products/hydro-boost-water-gel-moisturizer,https://www.nykaa.com/neutrogena-moisturiser/c/40049,A water-based gel moisturizer for oily and combination skin.,oily;combination;normal,false,false,false,
Cetaphil,Gentle Skin Cleanser,Gentle cleanser,https://www.cetaphil.com/products/gentle-skin-cleanser,https://www.nykaa.com/cetaphil-cleanser/c/28029,A dermatologist-recommended gentle cleanser.,oily;dry;combination;normal,true,false,false,
Cetaphil,Rich Hydrating Night Cream,Nighttime moisturizer,https://www.cetaphil.com/products/rich-hydrating-night-cream,https://www.nykaa.com/cetaphil-moisturiser/c/40049,A rich night cream for dry and sensitive skin.,dry;normal,true,false,false,
Kama Ayurveda,Kumkumadi Tailam,Oil serum,https://www.kamaayurveda.com/products/kumkumadi-tailam,https://www.nykaa.com/kama-ayurveda-oils/c/40049,A traditional ayurvedic oil blend with saffron; patch-test before use.,dry;normal,false,false,false,
Derma E,Hydrating Facial Cleanser,Gentle cleanser,https://www.dermae.com/products/hydrating-facial-cleanser,https://www.nykaa.com/derma-e-cleanser/c/28029,An organic-certified gentle cleanser.,oily;dry;combination;normal,true,false,false,
Derma E,Intensive Moisturizing Cream,Moisturizer,https://www.dermae.com/products/intensive-moisturizing-cream,https://www.nykaa.com/derma-e-moisturiser/c/40049,An intensive moisturizer for very dry skin.,dry,true,false,false,
The Ordinary,Niacinamide 10% + Zinc 1%,Serum,https://theordinary.deciem.com/product/rdn-niacinamide-10pct-zinc-1pct-30ml,https://www.nykaa.com/the-ordinary-serums/c/40049,A serum for pore control and oil regulation.,oily;combination,false,false,false,
The Ordinary,Hyaluronic Acid 2% + B5,Serum,https://theordinary.deciem.com/product/rdn-hyaluronic-acid-2pct-b5-30ml,https://www.nykaa.com/the-ordinary-serums/c/40049,A hydrating serum for all skin types.,oily;dry;combination;normal,false,false,false,
Pilgrim,Moisturizer with Charcoal,Moisturizer,https://www.pilgrimcare.in/products/charcoal-moisturizer,https://www.nykaa.com/pilgrim-moisturiser/c/40049,A lightweight charcoal-infused moisturizer for oily skin.,oily;combination,false,false,false,
Pilgrim,Rose Water Toner,Toner,https://www.pilgrimcare.in/products/rose-water-toner,https://www.nykaa.com/pilgrim-toners/c/40049,A hydrating rose water toner for all skin types.,oily;dry;combination;normal,false,false,false,
Biotique,Bio Aloe Vera Moisturizer,Moisturizer,https://www.biotiquebyslimsmart.com/products/bio-aloe-vera-richly-hydrating-moisturizer,https://www.nykaa.com/biotique-moisturiser/c/40049,A natural aloe vera moisturizer option.,dry;combination;normal,false,false,false,
Biotique,Bio Tea Tree Face Wash,Gentle cleanser,https://www.biotiquebyslimsmart.com/products/bio-tea-tree-face-wash,https://www.nykaa.com/biotique-cleanser/c/28029,A tea tree cleanser for oily and acne-prone skin.,oily,false,false,false,
Kiehl's,Ultra Facial Cleanser,Gentle cleanser,https://www.kiehls.com/skincare/cleansers/ultra-facial-cleanser/3605970000004.html,https://www.nykaa.com/kiehls-cleanser/c/28029,A gentle foaming cleanser for all skin types.,oily;dry;combination;normal,false,false,false,
Kiehl's,Ultra Facial Cream,Moisturizer,https://www.kiehls.com/skincare/moisturizers/ultra-facial-cream/3605971071124.html,https://www.nykaa.com/kiehls-moisturiser/c/40049,A dermatologist-recommended moisturizer for all skin types.,oily;dry;combination;normal,true,false,false,
Plum,Green Tea Cleansing Milk,Gentle cleanser,https://www.plumgoodness.com/products/green-tea-cleansing-milk,https://www.nykaa.com/plum-cleanser/c/28029,A gentle cleansing milk with green tea extract.,oily;dry;combination;normal,false,false,false,
Plum,Green Tea Oil-Free Moisturizer,Moisturizer,https://www.plumgoodness.com/products/green-tea-oil-free-moisturizer,https://www.nykaa.com/plum-moisturiser/c/40049,A lightweight oil-free moisturizer with green tea.,oily;combination;normal,false,false,false,
Fixderma,Hydra Soft Cream,Moisturizer,https://www.fixderma.com/products/hydra-soft-cream,https://www.nykaa.com/fixderma-moisturiser/c/40049,A dermatologist-formulated moisturizer for sensitive skin.,dry;normal,true,false,false,
Fixderma,Gentle Cleanser,Gentle cleanser,https://www.fixderma.com/products/gentle-cleanser,https://www.nykaa.com/fixderma-cleanser/c/28029,A pH-balanced gentle cleanser for sensitive skin.,oily;dry;combination;normal,true,false,false,
Tatcha,Luminous Dewy Skin Mist,Facial mist,https://www.tatcha.com/products/luminous-dewy-skin-mist,https://www.nykaa.com/tatcha-mist/c/40049,A hydrating facial mist for a dewy finish.,dry;normal,false,false,false,
Tatcha,Luminous Skin Liquid Moisturizer,Moisturizer,https://www.tatcha.com/products/luminous-skin-liquid-moisturizer,https://www.nykaa.com/tatcha-moisturiser/c/40049,A lightweight liquid moisturizer for all skin types.,oily;dry;combination;normal,false,false,false,
Olay,Complete All Day Moisturizer SPF 15,Daytime SPF,https://www.olay.com/skincare/moisturizers/complete-all-day-moisturizer-spf-15,https://www.nykaa.com/olay-moisturiser/c/40049,An affordable SPF moisturizer option.,oily;dry;combination;normal,false,false,false,
Olay,Regenerist Micro-Sculpting Cream,Moisturizer,https://www.olay.com/skincare/moisturizers/regenerist-micro-sculpting-cream,https://www.nykaa.com/olay-moisturiser/c/40049,An anti-aging moisturizer option.,dry;normal,false,false,false,
Mamaearth,Daily Moisturizer for Face,Moisturizer,https://www.mamaearth.in/products/natural-moisturizer-for-face,https://www.nykaa.com/mamaearth-moisturiser/c/40049,A natural moisturizer with jojoba oil.,oily;dry;combination;normal,false,false,true,
Mamaearth,Ubtan Face Wash,Gentle cleanser,https://www.mamaearth.in/products/ubtan-face-wash,https://www.nykaa.com/mamaearth-cleanser/c/28029,A natural ubtan-based cleanser for all skin types.,oily;dry;combination;normal,false,false,false,
Wow,Apple Cider Vinegar Facewash,Gentle cleanser,https://www.wowskinscience.com/products/apple-cider-vinegar-facewash,https://www.nykaa.com/wow-cleanser/c/28029,An apple cider vinegar cleanser for oily skin.,oily,false,false,false,
Wow,Coconut Oil Moisturizer,Moisturizer,https://www.wowskinscience.com/products/coconut-oil-moisturizer,https://www.nykaa.com/wow-moisturiser/c/40049,A coconut oil moisturizer for dry skin.,dry;normal,false,false,false,
Babyface,Mulberry Serum Cleanser,Gentle cleanser,https://www.babyfacecosmetics.in/products/mulberry-serum-cleanser,https://www.nykaa.com/babyface-cleanser/c/28029,A gentle serum-based cleanser.,oily;dry;combination;normal,false,false,false,
Babyface,Rose Petal Moisturizer,Moisturizer,https://www.babyfacecosmetics.in/products/rose-petal-moisturizer,https://www.nykaa.com/babyface-moisturiser/c/40049,A rose-infused moisturizer for sensitive skin.,dry;normal,true,false,false,
Nykaa,Naturals Tea Tree Face Wash,Gentle cleanser,https://www.nykaa.com/nykaa-naturals-tea-tree-face-wash/p/31507,https://www.nykaa.com/nykaa-naturals-tea-tree-face-wash/p/31507,A budget-friendly tea tree cleanser for oily skin.,oily,false,false,false,
Nykaa,Naturals Rose & Honey Moisturizer,Moisturizer,https://www.nykaa.com/nykaa-naturals-rose-honey-moisturiser/p/31509,https://www.nykaa.com/nykaa-naturals-rose-honey-moisturiser/p/31509,A rose and honey moisturizer for all skin types.,oily;dry;combination;normal,false,false,false,
Dot & Key,Cica Calming Skin Renewing Night Gel,Moisturizer,,https://www.nykaa.com/search/result/?q=Dot%20%26%20Key%20Cica%20Calming%20Night%20Gel,General catalog option; check the current product label and formula before use.,oily;combination;normal,false,false,false,
Aqualogica,Glow+ Dewy Sunscreen SPF 50,Sunscreen,,https://www.nykaa.com/search/result/?q=Aqualogica%20Glow%2B%20Dewy%20Sunscreen,Daily sunscreen option; follow the product label for application and reapplication.,oily;dry;combination;normal,false,false,false,
Deconstruct,Lightweight Gel Sunscreen SPF 50,Sunscreen,,https://www.nykaa.com/search/result/?q=Deconstruct%20Gel%20Sunscreen%20SPF%2050,Daily sunscreen option; check the exact variant and its current label.,oily;dry;combination;normal,false,false,false,
Re'equil,Oil Free Moisturiser,Moisturizer,,https://www.nykaa.com/search/result/?q=Re%27equil%20Oil%20Free%20Moisturiser,Lightweight moisturizer option; check the current product details and directions.,oily;combination;normal,false,false,false,
Simple,Kind to Skin Refreshing Facial Wash,Gentle cleanser,,https://www.nykaa.com/search/result/?q=Simple%20Kind%20to%20Skin%20Refreshing%20Facial%20Wash,Gentle cleanser option; review the ingredient label for your individual needs.,oily;dry;combination;normal,false,false,false,
Bioderma,Sensibio H2O Micellar Water,Cleanser,,https://www.nykaa.com/search/result/?q=Bioderma%20Sensibio%20H2O,Micellar cleansing water option; follow the product label and rinse if needed.,oily;dry;combination;normal,false,false,false,
The Derma Co,1% Hyaluronic Sunscreen Aqua Gel SPF 50,Sunscreen,,https://www.nykaa.com/search/result/?q=The%20Derma%20Co%20Hyaluronic%20Sunscreen%20SPF%2050,Daily sunscreen option; verify the current variant and use as directed.,oily;combination;normal,false,false,false,
Conscious Chemist,Sun Drink Hybrid SPF 50 Sunscreen,Sunscreen,,https://www.nykaa.com/search/result/?q=Conscious%20Chemist%20Sun%20Drink%20SPF%2050,Daily sunscreen option; follow the product label for application and reapplication.,oily;dry;combination;normal,false,false,false,
Dr. Sheth's,Ceramide & Vitamin C Oil-Free Moisturizer,Moisturizer,,https://www.nykaa.com/search/result/?q=Dr%20Sheth%27s%20Ceramide%20Vitamin%20C%20Moisturizer,Moisturizer option; check the current product label and ingredients before use.,oily;combination;normal,false,false,false,
Earth Rhythm,Phyto Ceramide Moisturizer,Moisturizer,,https://www.nykaa.com/search/result/?q=Earth%20Rhythm%20Phyto%20Ceramide%20Moisturizer,Moisturizer option; check the current product label and ingredients before use.,dry;combination;normal,false,false,false,
